timestamp,instrument_type,instrument_token,open,high,low,close,volume,oi,tick_count
20-02-2026 09:08,SPOT,256265,25406.55,25406.55,25406.55,25406.55,0,0,11
20-02-2026 09:08,FUTURE,15150594,25415.1,25415.1,25415.1,25415.1,2275,14395420,1
20-02-2026 09:09,SPOT,256265,25406.55,25406.55,25406.55,25406.55,0,0,119
20-02-2026 09:10,SPOT,256265,25406.55,25406.55,25406.55,25406.55,0,0,103
20-02-2026 09:11,SPOT,256265,25406.55,25406.55,25406.55,25406.55,0,0,120
20-02-2026 09:12,SPOT,256265,25406.55,25406.55,25406.55,25406.55,0,0,120
20-02-2026 09:13,SPOT,256265,25406.55,25406.55,25406.55,25406.55,0,0,121
20-02-2026 09:14,SPOT,256265,25406.55,25406.55,25406.55,25406.55,0,0,119
20-02-2026 09:15,SPOT,256265,25406.55,25465.4,25387.85,25465.4,0,0,46
20-02-2026 09:15,FUTURE,15150594,25416.5,25480,25412.9,25479,141110,14395030,42
20-02-2026 09:16,SPOT,256265,25463.85,25485.35,25457.5,25469.45,0,0,28
20-02-2026 09:16,FUTURE,15150594,25480,25495,25473,25477,159575,14389245,28
20-02-2026 09:17,SPOT,256265,25471.7,25471.7,25443.4,25443.4,0,0,35
20-02-2026 09:17,FUTURE,15150594,25484.6,25484.6,25450,25450,184210,14389245,34
20-02-2026 09:18,SPOT,256265,25440.75,25450,25422.75,25433.95,0,0,35
20-02-2026 09:18,FUTURE,15150594,25455.7,25465,25435.1,25450,223665,14389245,35
20-02-2026 09:19,SPOT,256265,25435.55,25456.2,25432.6,25453.1,0,0,43
20-02-2026 09:19,FUTURE,15150594,25454,25469.5,25441.6,25469.5,264485,14377935,41
20-02-2026 09:20,SPOT,256265,25453.25,25465.8,25447.15,25457.1,0,0,34
20-02-2026 09:20,FUTURE,15150594,25468.4,25476.2,25460.5,25471.4,293215,14377935,36
20-02-2026 09:21,SPOT,256265,25458.4,25478.7,25458.4,25464.7,0,0,38
20-02-2026 09:21,FUTURE,15150594,25470,25487,25469,25475.8,318305,14377935,36
20-02-2026 09:22,SPOT,256265,25468,25473.5,25464.1,25466.85,0,0,56
20-02-2026 09:22,FUTURE,15150594,25480.6,25482.5,25471.5,25474.9,336570,14394965,49
20-02-2026 09:23,SPOT,256265,25467.8,25472.4,25451.15,25451.15,0,0,37
20-02-2026 09:23,FUTURE,15150594,25474.9,25483.4,25456.8,25458.5,380770,14394965,34
20-02-2026 09:24,SPOT,256265,25451.95,25451.95,25433.25,25433.25,0,0,35
20-02-2026 09:24,FUTURE,15150594,25456.8,25458.4,25440,25440,396955,14394965,33
20-02-2026 09:25,SPOT,256265,25431.55,25431.75,25411.7,25412.5,0,0,28
20-02-2026 09:25,FUTURE,15150594,25440,25444.5,25423,25425,414245,14433055,28
20-02-2026 09:26,SPOT,256265,25412.15,25425,25412.15,25419.3,0,0,42
20-02-2026 09:26,FUTURE,15150594,25430,25444.9,25429.1,25438.4,438685,14433055,41
20-02-2026 09:27,SPOT,256265,25417.95,25429.05,25413.7,25426.65,0,0,49
20-02-2026 09:27,FUTURE,15150594,25440.8,25449,25433.5,25446,448500,14433055,41
20-02-2026 09:28,SPOT,256265,25423.8,25423.8,25408.65,25408.65,0,0,48
20-02-2026 09:28,FUTURE,15150594,25444.1,25444.1,25425,25429,461175,14441440,45
20-02-2026 09:29,SPOT,256265,25408.25,25408.45,25381.25,25381.35,0,0,59
20-02-2026 09:29,FUTURE,15150594,25422.8,25430.9,25393,25393.7,503880,14441440,57
20-02-2026 09:30,SPOT,256265,25381.75,25422.55,25381.75,25422.55,0,0,46
20-02-2026 09:30,FUTURE,15150594,25395.4,25435.9,25393.1,25435.9,532025,14441440,41
20-02-2026 09:31,SPOT,256265,25424.45,25424.45,25401.75,25402.85,0,0,48
20-02-2026 09:31,FUTURE,15150594,25443.9,25443.9,25415,25418.4,569725,14443585,45
20-02-2026 09:32,SPOT,256265,25402.75,25429.25,25402.75,25428.8,0,0,55
20-02-2026 09:32,FUTURE,15150594,25418.4,25445,25415.1,25444.4,586170,14443585,56
20-02-2026 09:33,SPOT,256265,25429.3,25452.25,25429.3,25451.25,0,0,42
20-02-2026 09:33,FUTURE,15150594,25445.9,25470,25445.9,25466.9,626665,14443585,45
20-02-2026 09:34,SPOT,256265,25451.95,25468.8,25450.5,25464.75,0,0,55
20-02-2026 09:34,FUTURE,15150594,25471,25482,25464.9,25480.5,673855,14460030,56
20-02-2026 09:35,SPOT,256265,25466.35,25476.65,25465.45,25470.15,0,0,54
20-02-2026 09:35,FUTURE,15150594,25480,25489,25475.8,25480.9,693030,14460030,52
20-02-2026 09:36,SPOT,256265,25469.4,25479.4,25466.55,25476.1,0,0,59
20-02-2026 09:36,FUTURE,15150594,25480.7,25490,25475.1,25485,707330,14460030,59
20-02-2026 09:37,SPOT,256265,25474.45,25478.95,25464.75,25473.85,0,0,63
20-02-2026 09:37,FUTURE,15150594,25487,25487.9,25470.6,25480,725205,14490125,64
20-02-2026 09:38,SPOT,256265,25474.3,25474.9,25456.8,25458.5,0,0,73
20-02-2026 09:38,FUTURE,15150594,25480.4,25486.6,25461.7,25473.4,742690,14490125,64
20-02-2026 09:39,SPOT,256265,25461.55,25468.5,25460.95,25467.65,0,0,64
20-02-2026 09:39,FUTURE,15150594,25473.4,25482.5,25472,25477,753415,14490125,53
20-02-2026 09:40,SPOT,256265,25469.15,25469.65,25451.6,25456.85,0,0,34
20-02-2026 09:40,FUTURE,15150594,25477,25479.2,25460.3,25470.8,760630,14483430,32
20-02-2026 09:41,SPOT,256265,25458.55,25461.45,25451.65,25451.9,0,0,40
20-02-2026 09:41,FUTURE,15150594,25469.9,25472.8,25460,25464.4,767455,14483430,39
20-02-2026 09:42,SPOT,256265,25453.1,25475.1,25450.8,25471.95,0,0,54
20-02-2026 09:42,FUTURE,15150594,25462,25488,25462,25483.4,797225,14483430,52
20-02-2026 09:43,SPOT,256265,25472.2,25481.25,25470.4,25481.25,0,0,56
20-02-2026 09:43,FUTURE,15150594,25483,25495,25481.5,25491.1,815360,14492790,54
20-02-2026 09:44,SPOT,256265,25481.35,25486.6,25477.4,25482.3,0,0,66
20-02-2026 09:44,FUTURE,15150594,25493.8,25498.9,25488.2,25491,837330,14492790,56
20-02-2026 09:45,SPOT,256265,25482.05,25489.8,25480.7,25488.4,0,0,65
20-02-2026 09:45,FUTURE,15150594,25492,25500,25490,25498.5,853840,14492790,64
20-02-2026 09:46,SPOT,256265,25487.5,25492.25,25486.25,25489.45,0,0,103
20-02-2026 09:46,FUTURE,15150594,25498.5,25504.5,25494,25496.1,865410,14484795,102
20-02-2026 09:47,SPOT,256265,25489.9,25499.8,25489.45,25497.7,0,0,97
20-02-2026 09:47,FUTURE,15150594,25498,25509,25497.2,25508,874835,14484795,85
20-02-2026 09:48,SPOT,256265,25497.95,25513.75,25496.7,25511.9,0,0,86
20-02-2026 09:48,FUTURE,15150594,25508,25527,25503.8,25524,915265,14484795,88
20-02-2026 09:49,SPOT,256265,25514.45,25514.75,25501.7,25508.05,0,0,94
20-02-2026 09:49,FUTURE,15150594,25523.9,25525,25508,25522,944775,14488760,84
20-02-2026 09:50,SPOT,256265,25508.5,25522.1,25508.5,25518.95,0,0,63
20-02-2026 09:50,FUTURE,15150594,25522,25533,25519.3,25527.1,961675,14488760,58
20-02-2026 09:51,SPOT,256265,25520.6,25523.85,25516.55,25521.45,0,0,72
20-02-2026 09:51,FUTURE,15150594,25527.4,25535,25524.1,25533,976625,14488760,67
20-02-2026 09:52,SPOT,256265,25523.6,25523.6,25502,25502,0,0,54
20-02-2026 09:52,FUTURE,15150594,25533,25536,25512.4,25513.9,1000415,14498835,49
20-02-2026 09:53,SPOT,256265,25503.35,25505.75,25500.1,25502.7,0,0,59
20-02-2026 09:53,FUTURE,15150594,25515,25523.2,25512.9,25514.7,1006980,14498835,53
20-02-2026 09:54,SPOT,256265,25501.8,25504.25,25496.6,25503.3,0,0,66
20-02-2026 09:54,FUTURE,15150594,25512.3,25521.9,25506.8,25518.1,1021020,14498835,59
20-02-2026 09:55,SPOT,256265,25504.05,25505.65,25498.6,25505.65,0,0,58
20-02-2026 09:55,FUTURE,15150594,25518.1,25525,25513.9,25525,1028430,14493115,48
20-02-2026 09:56,SPOT,256265,25506.1,25523.8,25505.7,25520,0,0,66
20-02-2026 09:56,FUTURE,15150594,25525,25545,25523.9,25536.4,1051310,14493115,62
20-02-2026 09:57,SPOT,256265,25520.15,25522.85,25515.5,25522.3,0,0,68
20-02-2026 09:57,FUTURE,15150594,25543,25543.1,25527.5,25540,1059240,14493115,61
20-02-2026 09:58,SPOT,256265,25521.3,25521.8,25511.6,25513.9,0,0,58
20-02-2026 09:58,FUTURE,15150594,25540.1,25540.1,25525,25532.6,1069770,14493245,57
20-02-2026 09:59,SPOT,256265,25514.5,25521.2,25512.45,25520.55,0,0,58
20-02-2026 09:59,FUTURE,15150594,25532.6,25542,25530,25540.4,1081405,14493245,52
20-02-2026 10:00,SPOT,256265,25520.8,25523.45,25508.55,25510.7,0,0,55
20-02-2026 10:00,FUTURE,15150594,25538.9,25543.8,25524.5,25527.6,1098695,14493245,49
20-02-2026 10:01,SPOT,256265,25511.05,25516.9,25509.15,25509.3,0,0,64
20-02-2026 10:01,FUTURE,15150594,25527.6,25536.8,25524,25524.6,1122225,14505400,54
20-02-2026 10:02,SPOT,256265,25509.25,25509.35,25504.45,25508.2,0,0,53
20-02-2026 10:02,FUTURE,15150594,25528,25528,25520.2,25524.4,1129310,14505400,51
20-02-2026 10:03,SPOT,256265,25508.65,25511.7,25493.6,25493.6,0,0,52
20-02-2026 10:03,FUTURE,15150594,25526.5,25530,25510.3,25510.3,1138995,14505400,48
20-02-2026 10:04,SPOT,256265,25492.15,25500.5,25492.15,25496.7,0,0,48
20-02-2026 10:04,FUTURE,15150594,25510.5,25520,25510.5,25515,1149655,14503970,39
20-02-2026 10:05,SPOT,256265,25496.35,25506.05,25496.35,25501,0,0,53
20-02-2026 10:05,FUTURE,15150594,25514.2,25523.9,25514.2,25517.1,1168440,14503970,47
20-02-2026 10:06,SPOT,256265,25500.35,25512.45,25500.35,25509.15,0,0,54
20-02-2026 10:06,FUTURE,15150594,25517.1,25529.7,25517,25526.7,1177410,14503970,45
20-02-2026 10:07,SPOT,256265,25505.65,25505.9,25497.6,25498.7,0,0,74
20-02-2026 10:07,FUTURE,15150594,25524.6,25525.2,25511.9,25515.8,1188655,14505595,75
20-02-2026 10:08,SPOT,256265,25499.95,25500.75,25477.3,25477.7,0,0,53
20-02-2026 10:08,FUTURE,15150594,25515,25520,25485.7,25485.7,1208610,14505595,53
20-02-2026 10:09,SPOT,256265,25478.65,25478.65,25469.1,25474.65,0,0,57
20-02-2026 10:09,FUTURE,15150594,25488.5,25489,25475,25484.6,1224665,14505595,55
20-02-2026 10:10,SPOT,256265,25475.1,25486.05,25475.1,25485.4,0,0,46
20-02-2026 10:10,FUTURE,15150594,25488.6,25500,25484.6,25500,1240330,14501240,41
20-02-2026 10:11,SPOT,256265,25484.9,25498.5,25480.8,25495.55,0,0,62
20-02-2026 10:11,FUTURE,15150594,25500,25510,25494,25510,1247870,14501240,62
20-02-2026 10:12,SPOT,256265,25496.85,25500.7,25491.55,25494.05,0,0,53
20-02-2026 10:12,FUTURE,15150594,25510,25515,25502.2,25504.6,1253785,14501240,50
20-02-2026 10:13,SPOT,256265,25493.45,25499.45,25484.25,25484.25,0,0,72
20-02-2026 10:13,FUTURE,15150594,25504,25510,25495,25496.4,1259050,14510860,62
20-02-2026 10:14,SPOT,256265,25483.65,25483.65,25474.85,25481.25,0,0,62
20-02-2026 10:14,FUTURE,15150594,25493.1,25493.1,25484,25490.5,1267890,14510860,64
20-02-2026 10:15,SPOT,256265,25479.9,25497.15,25479.9,25496.1,0,0,63
20-02-2026 10:15,FUTURE,15150594,25490.5,25508.4,25490,25508.4,1272310,14510860,58
20-02-2026 10:16,SPOT,256265,25495,25518.55,25495,25518.55,0,0,53
20-02-2026 10:16,FUTURE,15150594,25505,25529.6,25505,25526.9,1311960,14506505,56
20-02-2026 10:17,SPOT,256265,25518.2,25520.4,25514.8,25519.95,0,0,60
20-02-2026 10:17,FUTURE,15150594,25529.9,25533,25524.2,25531.5,1328600,14506505,58
20-02-2026 10:18,SPOT,256265,25519.8,25538.55,25519.8,25536.3,0,0,49
20-02-2026 10:18,FUTURE,15150594,25531.6,25555.3,25531.6,25554,1385995,14506505,47
20-02-2026 10:19,SPOT,256265,25536.5,25542.45,25535.9,25536.9,0,0,47
20-02-2026 10:19,FUTURE,15150594,25554.9,25559.5,25551,25553.6,1409850,14535235,45
20-02-2026 10:20,SPOT,256265,25539,25540.6,25532.9,25534.7,0,0,69
20-02-2026 10:20,FUTURE,15150594,25555,25556,25549.5,25553.4,1420315,14535235,68
20-02-2026 10:21,SPOT,256265,25534.55,25537.45,25531.5,25536.2,0,0,70
20-02-2026 10:21,FUTURE,15150594,25551,25555,25546,25555,1427140,14535235,65
20-02-2026 10:22,SPOT,256265,25535.8,25554.65,25535.5,25547.4,0,0,61
20-02-2026 10:22,FUTURE,15150594,25555,25568.9,25552.6,25560,1485900,14524250,60
20-02-2026 10:23,SPOT,256265,25546.75,25549.55,25538.55,25539.7,0,0,73
20-02-2026 10:23,FUTURE,15150594,25560,25565,25550,25555.3,1498900,14524250,68
20-02-2026 10:24,SPOT,256265,25539.95,25546.4,25539.6,25545.2,0,0,79
20-02-2026 10:24,FUTURE,15150594,25555.3,25559.3,25552.8,25555,1514955,14524250,75
20-02-2026 10:25,SPOT,256265,25545.2,25552.85,25545.2,25551.85,0,0,56
20-02-2026 10:25,FUTURE,15150594,25558,25569,25556.4,25564.4,1538940,14518595,54
20-02-2026 10:26,SPOT,256265,25551.95,25570.2,25548.1,25570,0,0,64
20-02-2026 10:26,FUTURE,15150594,25561.9,25584.4,25561.7,25579.7,1603355,14518595,65
20-02-2026 10:27,SPOT,256265,25568.05,25572.5,25563.85,25563.85,0,0,52
20-02-2026 10:27,FUTURE,15150594,25578,25583,25572.1,25575.3,1622335,14518595,53
20-02-2026 10:28,SPOT,256265,25562.8,25562.9,25552.55,25552.9,0,0,69
20-02-2026 10:28,FUTURE,15150594,25573.6,25575.4,25563.3,25566.2,1639365,14525160,65
20-02-2026 10:29,SPOT,256265,25552.85,25554.1,25548.4,25550.4,0,0,55
20-02-2026 10:29,FUTURE,15150594,25562,25567.6,25560,25562.9,1654445,14525160,55
20-02-2026 10:30,SPOT,256265,25550.95,25577.25,25550.95,25570.2,0,0,42
20-02-2026 10:30,FUTURE,15150594,25563.1,25588.6,25563.1,25585,1711515,14525160,45
20-02-2026 10:31,SPOT,256265,25568.8,25573.75,25565.6,25568.7,0,0,50
20-02-2026 10:31,FUTURE,15150594,25582,25588.6,25580,25584,1726205,14551290,46
20-02-2026 10:32,SPOT,256265,25570.3,25577.3,25568.75,25574.15,0,0,43
20-02-2026 10:32,FUTURE,15150594,25582,25593.9,25579.5,25591,1761175,14551290,43
20-02-2026 10:33,SPOT,256265,25574.6,25576.8,25568.65,25575.4,0,0,45
20-02-2026 10:33,FUTURE,15150594,25592,25595,25585.1,25595,1776320,14551290,46
20-02-2026 10:34,SPOT,256265,25576.55,25576.75,25567.9,25570.65,0,0,49
20-02-2026 10:34,FUTURE,15150594,25594.1,25594.1,25584.5,25589,1787565,14555450,41
20-02-2026 10:35,SPOT,256265,25570.85,25577.6,25570.85,25572.2,0,0,44
20-02-2026 10:35,FUTURE,15150594,25588.8,25596,25588,25593.8,1814280,14555450,43
20-02-2026 10:36,SPOT,256265,25572.25,25574.1,25569.25,25570,0,0,57
20-02-2026 10:36,FUTURE,15150594,25592.8,25593,25585.1,25588.6,1825395,14555450,62
20-02-2026 10:37,SPOT,256265,25572.4,25573.25,25566,25567.75,0,0,59
20-02-2026 10:37,FUTURE,15150594,25588.6,25592,25582.8,25587.1,1835860,14545700,54
20-02-2026 10:38,SPOT,256265,25568.05,25569.3,25564.15,25566.45,0,0,59
20-02-2026 10:38,FUTURE,15150594,25584.9,25588,25580.6,25586.5,1844310,14545700,52
20-02-2026 10:39,SPOT,256265,25566.6,25578.4,25565.75,25578.4,0,0,64
20-02-2026 10:39,FUTURE,15150594,25586.5,25595.9,25585.1,25595.3,1862315,14545700,60
20-02-2026 10:40,SPOT,256265,25577.35,25595.45,25577.05,25595.45,0,0,32
20-02-2026 10:40,FUTURE,15150594,25599,25617.1,25595.9,25617.1,1917435,14527175,31
20-02-2026 10:41,SPOT,256265,25596,25602.45,25595.2,25598.05,0,0,45
20-02-2026 10:41,FUTURE,15150594,25619,25628.2,25615.3,25618,1960205,14527175,44
20-02-2026 10:42,SPOT,256265,25599.1,25599.1,25590.85,25595.7,0,0,47
20-02-2026 10:42,FUTURE,15150594,25619.7,25620,25607.2,25616,1991080,14527175,48
20-02-2026 10:43,SPOT,256265,25595.45,25598.05,25594.2,25596.2,0,0,55
20-02-2026 10:43,FUTURE,15150594,25616.8,25621.9,25612.7,25617.5,2014155,14529645,60
20-02-2026 10:44,SPOT,256265,25597.45,25600.15,25594.7,25596.5,0,0,50
20-02-2026 10:44,FUTURE,15150594,25618,25624,25616.4,25617,2053610,14529645,51
20-02-2026 10:45,SPOT,256265,25598.4,25605.7,25598.4,25604.45,0,0,44
20-02-2026 10:45,FUTURE,15150594,25619.8,25625,25618.8,25624,2082275,14529645,46
20-02-2026 10:46,SPOT,256265,25604,25604.6,25594,25602.45,0,0,49
20-02-2026 10:46,FUTURE,15150594,25618.7,25621.3,25608.3,25616.5,2099045,14552915,49
20-02-2026 10:47,SPOT,256265,25600.3,25602.65,25584.6,25584.75,0,0,46
20-02-2026 10:47,FUTURE,15150594,25616.5,25620,25600,25600,2114970,14552915,45
20-02-2026 10:48,SPOT,256265,25584,25592.95,25581.95,25592.4,0,0,44
20-02-2026 10:48,FUTURE,15150594,25599.6,25615,25595.5,25612.9,2148965,14552915,44
20-02-2026 10:49,SPOT,256265,25589.6,25592.7,25583.35,25588.75,0,0,63
20-02-2026 10:49,FUTURE,15150594,25613.1,25613.1,25599,25605.9,2167360,14565785,54
20-02-2026 10:50,SPOT,256265,25588.85,25590.75,25577.45,25578.05,0,0,60
20-02-2026 10:50,FUTURE,15150594,25601.7,25606.8,25592.2,25592.3,2181985,14565785,59
20-02-2026 10:51,SPOT,256265,25577.05,25585.25,25577.05,25582.45,0,0,45
20-02-2026 10:51,FUTURE,15150594,25592.3,25603.4,25591.1,25600,2199665,14565785,45
20-02-2026 10:52,SPOT,256265,25583,25591.7,25581.75,25588.9,0,0,49
20-02-2026 10:52,FUTURE,15150594,25600,25613,25600,25610.4,2218060,14571050,48
20-02-2026 10:53,SPOT,256265,25589.45,25593.15,25584.55,25584.8,0,0,60
20-02-2026 10:53,FUTURE,15150594,25609.8,25615.9,25602.7,25608.1,2227420,14571050,53
20-02-2026 10:54,SPOT,256265,25584.65,25590.9,25584.5,25587.9,0,0,66
20-02-2026 10:54,FUTURE,15150594,25608.1,25614,25602,25604.5,2232100,14571050,60
20-02-2026 10:55,SPOT,256265,25588.3,25590.65,25587.8,25588.55,0,0,38
20-02-2026 10:55,FUTURE,15150594,25604.5,25611.9,25604.5,25610,2239835,14562665,43
20-02-2026 10:56,SPOT,256265,25589.55,25591.4,25586.05,25589.7,0,0,82
20-02-2026 10:56,FUTURE,15150594,25607.4,25615,25605,25607.5,2246205,14562665,74
20-02-2026 10:57,SPOT,256265,25589.5,25593.85,25587.8,25589.9,0,0,60
20-02-2026 10:57,FUTURE,15150594,25607.5,25616.9,25604,25605,2273895,14562665,59
20-02-2026 10:58,SPOT,256265,25589.3,25589.3,25574.05,25574.45,0,0,39
20-02-2026 10:58,FUTURE,15150594,25604.7,25605,25590,25592,2303340,14597375,40
20-02-2026 10:59,SPOT,256265,25575.25,25590,25574.35,25584.7,0,0,60
20-02-2026 10:59,FUTURE,15150594,25592,25604.3,25592,25601.1,2315625,14597375,59
20-02-2026 11:00,SPOT,256265,25584.2,25589.3,25583.95,25589.2,0,0,69
20-02-2026 11:00,FUTURE,15150594,25601.1,25609,25601.1,25608.2,2324335,14597375,67
20-02-2026 11:01,SPOT,256265,25589.25,25589.8,25577.2,25579.25,0,0,63
20-02-2026 11:01,FUTURE,15150594,25608.3,25609.2,25593.3,25598.2,2341560,14625195,55
20-02-2026 11:02,SPOT,256265,25578.3,25580.95,25569.3,25573.55,0,0,89
20-02-2026 11:02,FUTURE,15150594,25598.2,25601.3,25587.1,25587.5,2352350,14625195,80
20-02-2026 11:03,SPOT,256265,25573.35,25577.65,25571.3,25571.8,0,0,90
20-02-2026 11:03,FUTURE,15150594,25587.5,25597,25587.5,25588.9,2362555,14625195,85
20-02-2026 11:04,SPOT,256265,25574,25582.6,25573.65,25579.8,0,0,90
20-02-2026 11:04,FUTURE,15150594,25587.7,25600.6,25587.7,25596.5,2373605,14622335,79
20-02-2026 11:05,SPOT,256265,25579.9,25586.35,25576.8,25583.2,0,0,59
20-02-2026 11:05,FUTURE,15150594,25596.5,25609.9,25596.5,25605.3,2381535,14622335,51
20-02-2026 11:06,SPOT,256265,25582.4,25584.65,25574.25,25574.25,0,0,49
20-02-2026 11:06,FUTURE,15150594,25605.4,25610,25594,25594.2,2390440,14622335,47
20-02-2026 11:07,SPOT,256265,25575.15,25579.65,25573.4,25574.25,0,0,63
20-02-2026 11:07,FUTURE,15150594,25594.2,25600.1,25594,25594.1,2396615,14628705,58
20-02-2026 11:08,SPOT,256265,25574.25,25574.45,25564.85,25574.2,0,0,51
20-02-2026 11:08,FUTURE,15150594,25594.1,25599,25585,25591.7,2406170,14628705,44
20-02-2026 11:09,SPOT,256265,25573.3,25573.6,25568.3,25570.95,0,0,82
20-02-2026 11:09,FUTURE,15150594,25592.4,25596.1,25588,25588,2421445,14628705,72
20-02-2026 11:10,SPOT,256265,25571,25572.25,25566.8,25567.7,0,0,43
20-02-2026 11:10,FUTURE,15150594,25588,25595.6,25588,25589.8,2425800,14640535,43
20-02-2026 11:11,SPOT,256265,25566.75,25573,25561.85,25571.9,0,0,53
20-02-2026 11:11,FUTURE,15150594,25588,25597.1,25581.7,25590.4,2435810,14640535,55
20-02-2026 11:12,SPOT,256265,25571.25,25579.35,25571.2,25579.15,0,0,60
20-02-2026 11:12,FUTURE,15150594,25595.6,25605,25592.1,25605,2445430,14640535,54
20-02-2026 11:13,SPOT,256265,25579.1,25583.9,25565.6,25565.6,0,0,55
20-02-2026 11:13,FUTURE,15150594,25605,25609,25589,25590,2453555,14644565,49
20-02-2026 11:14,SPOT,256265,25566.55,25567.1,25560.75,25561.05,0,0,67
20-02-2026 11:14,FUTURE,15150594,25590.1,25591.8,25581.6,25583.3,2469675,14644565,65
20-02-2026 11:15,SPOT,256265,25561.85,25582.9,25561.85,25580.05,0,0,48
20-02-2026 11:15,FUTURE,15150594,25583.3,25605,25583.3,25603.3,2503735,14644565,48
20-02-2026 11:16,SPOT,256265,25579.95,25580.15,25575.6,25577.35,0,0,74
20-02-2026 11:16,FUTURE,15150594,25603.3,25604.5,25596.4,25600.3,2511015,14661465,62
20-02-2026 11:17,SPOT,256265,25577.2,25577.45,25566.25,25572.75,0,0,72
20-02-2026 11:17,FUTURE,15150594,25600.3,25601.6,25590,25594.7,2519335,14661465,64
20-02-2026 11:18,SPOT,256265,25571.3,25579.4,25571.3,25579.4,0,0,70
20-02-2026 11:18,FUTURE,15150594,25594.7,25600.2,25592.6,25600.2,2524080,14661465,61
20-02-2026 11:19,SPOT,256265,25578,25582.15,25574.5,25578.2,0,0,80
20-02-2026 11:19,FUTURE,15150594,25600.1,25608.5,25598.5,25603.4,2533765,14666145,73
20-02-2026 11:20,SPOT,256265,25577.8,25581.7,25577.3,25578.2,0,0,72
20-02-2026 11:20,FUTURE,15150594,25606.7,25607.5,25600.8,25601.6,2539680,14666145,63
20-02-2026 11:21,SPOT,256265,25577.65,25583.2,25576.75,25576.75,0,0,87
20-02-2026 11:21,FUTURE,15150594,25601.6,25607.3,25593.8,25593.8,2544685,14666145,75
20-02-2026 11:22,SPOT,256265,25574.8,25576.7,25566.65,25570.25,0,0,82
20-02-2026 11:22,FUTURE,15150594,25593.8,25597.1,25584,25589,2550015,14644045,75
20-02-2026 11:23,SPOT,256265,25569.7,25572.05,25562.9,25562.9,0,0,75
20-02-2026 11:23,FUTURE,15150594,25588.7,25590.4,25581.5,25581.5,2556255,14644045,67
20-02-2026 11:24,SPOT,256265,25564.05,25571.3,25564.05,25568.9,0,0,69
20-02-2026 11:24,FUTURE,15150594,25581.6,25592.7,25581.6,25584.1,2565615,14644045,60
20-02-2026 11:25,SPOT,256265,25568.85,25573.05,25563.6,25571.25,0,0,57
20-02-2026 11:25,FUTURE,15150594,25584.1,25592.5,25581.2,25591.8,2575690,14645020,52
20-02-2026 11:26,SPOT,256265,25571.5,25577,25568.5,25576.9,0,0,58
20-02-2026 11:26,FUTURE,15150594,25591.8,25598,25587.1,25598,2582970,14645020,56
20-02-2026 11:27,SPOT,256265,25576.95,25583.4,25576.95,25581.55,0,0,75
20-02-2026 11:27,FUTURE,15150594,25600,25606,25597.4,25601.3,2590055,14645020,68
20-02-2026 11:28,SPOT,256265,25581.95,25594.8,25581.75,25591.95,0,0,63
20-02-2026 11:28,FUTURE,15150594,25601.3,25619,25601.3,25615.2,2604095,14658410,54
20-02-2026 11:29,SPOT,256265,25592.9,25596.55,25585.1,25585.1,0,0,49
20-02-2026 11:29,FUTURE,15150594,25615.2,25620,25600.3,25602.6,2620605,14658410,48
20-02-2026 11:30,SPOT,256265,25585.5,25597.35,25585.3,25596.35,0,0,61
20-02-2026 11:30,FUTURE,15150594,25601.8,25622,25601.8,25620,2645825,14658410,60
20-02-2026 11:31,SPOT,256265,25596.4,25602.25,25596.2,25601.15,0,0,60
20-02-2026 11:31,FUTURE,15150594,25620,25625,25616.9,25618.6,2667210,14587820,56
20-02-2026 11:32,SPOT,256265,25601.2,25601.9,25586.1,25586.7,0,0,68
20-02-2026 11:32,FUTURE,15150594,25622.8,25623.1,25602,25602,2675595,14587820,66
20-02-2026 11:33,SPOT,256265,25586.7,25592.75,25580.85,25591.6,0,0,59
20-02-2026 11:33,FUTURE,15150594,25602,25610,25596,25608.1,2685085,14587820,54
20-02-2026 11:34,SPOT,256265,25591.6,25595.15,25589.75,25593.35,0,0,80
20-02-2026 11:34,FUTURE,15150594,25608.1,25613,25606.7,25613,2697825,14598220,61
20-02-2026 11:35,SPOT,256265,25593.9,25595.35,25591.2,25591.85,0,0,76
20-02-2026 11:35,FUTURE,15150594,25611.7,25613.8,25610,25613.4,2701465,14598220,70
20-02-2026 11:36,SPOT,256265,25591.5,25597.2,25586.1,25596.65,0,0,80
20-02-2026 11:36,FUTURE,15150594,25608.4,25614.5,25603.5,25614.5,2718430,14598220,73
20-02-2026 11:37,SPOT,256265,25596.15,25600.8,25594.75,25600.7,0,0,88
20-02-2026 11:37,FUTURE,15150594,25613.6,25619.9,25612.9,25619.9,2723045,14611025,74
20-02-2026 11:38,SPOT,256265,25600.9,25604.3,25598.15,25600.15,0,0,67
20-02-2026 11:38,FUTURE,15150594,25620,25625,25617,25621,2730325,14611025,60
20-02-2026 11:39,SPOT,256265,25600.2,25604.05,25597.6,25599.35,0,0,61
20-02-2026 11:39,FUTURE,15150594,25615.5,25621.6,25613.7,25621,2738515,14611025,62
20-02-2026 11:40,SPOT,256265,25599.65,25605,25599.1,25599.15,0,0,64
20-02-2026 11:40,FUTURE,15150594,25622,25623.7,25614,25614,2744430,14614080,53
20-02-2026 11:41,SPOT,256265,25598.9,25606.45,25596.75,25602.7,0,0,78
20-02-2026 11:41,FUTURE,15150594,25614,25625,25613,25624.1,2750475,14614080,66
20-02-2026 11:42,SPOT,256265,25602.35,25606.25,25596.6,25601.35,0,0,67
20-02-2026 11:42,FUTURE,15150594,25625,25625,25613,25618,2799875,14614080,59
20-02-2026 11:43,SPOT,256265,25601.3,25602.45,25597.85,25599.35,0,0,65
20-02-2026 11:43,FUTURE,15150594,25618,25619.4,25615,25616.5,2807545,14665365,58
20-02-2026 11:44,SPOT,256265,25600.4,25602.45,25599.55,25600.8,0,0,69
20-02-2026 11:44,FUTURE,15150594,25620,25621,25615.4,25620,2818985,14665365,59
20-02-2026 11:45,SPOT,256265,25600.85,25607.65,25600.25,25604.35,0,0,68
20-02-2026 11:45,FUTURE,15150594,25620,25625,25618.5,25623.3,2830230,14665365,56
20-02-2026 11:46,SPOT,256265,25605.15,25619.35,25604.6,25619.25,0,0,71
20-02-2026 11:46,FUTURE,15150594,25624,25645,25622,25639.1,2874105,14668420,56
20-02-2026 11:47,SPOT,256265,25617.35,25619.7,25607.7,25608.25,0,0,59
20-02-2026 11:47,FUTURE,15150594,25642.9,25642.9,25629,25631.4,2910700,14668420,54
20-02-2026 11:48,SPOT,256265,25607.15,25608.85,25591.9,25592,0,0,53
20-02-2026 11:48,FUTURE,15150594,25631.9,25631.9,25608,25610,2924740,14668420,54
20-02-2026 11:49,SPOT,256265,25592.15,25594,25586.95,25592.3,0,0,70
20-02-2026 11:49,FUTURE,15150594,25610,25612.4,25601,25610.4,2945670,14661725,62
20-02-2026 11:50,SPOT,256265,25593.3,25593.75,25588.85,25591.4,0,0,58
20-02-2026 11:50,FUTURE,15150594,25612.9,25615.9,25609,25610,2958085,14661725,55
20-02-2026 11:51,SPOT,256265,25592.5,25597.45,25592.5,25596.2,0,0,56
20-02-2026 11:51,FUTURE,15150594,25613,25618.1,25613,25616.6,2964585,14661725,52
20-02-2026 11:52,SPOT,256265,25595.8,25600.85,25594.6,25597.7,0,0,61
20-02-2026 11:52,FUTURE,15150594,25618,25624,25610.7,25619,2977065,14683045,60
20-02-2026 11:53,SPOT,256265,25598.5,25599.65,25594,25594,0,0,91
20-02-2026 11:53,FUTURE,15150594,25619,25621,25611.9,25612.9,2981745,14683045,79
20-02-2026 11:54,SPOT,256265,25593.8,25595.7,25583.05,25583.85,0,0,71
20-02-2026 11:54,FUTURE,15150594,25612.9,25612.9,25597.5,25600,2990910,14683045,63
20-02-2026 11:55,SPOT,256265,25583.6,25586.65,25581.1,25586.6,0,0,49
20-02-2026 11:55,FUTURE,15150594,25603,25605,25595.6,25605,3014180,14695070,47
20-02-2026 11:56,SPOT,256265,25586.95,25591.6,25586.85,25590.1,0,0,71
20-02-2026 11:56,FUTURE,15150594,25608,25614.6,25604.6,25609.6,3026270,14695070,59
20-02-2026 11:57,SPOT,256265,25590.8,25605.25,25590.25,25605.25,0,0,76
20-02-2026 11:57,FUTURE,15150594,25609.6,25627.8,25609.6,25627.8,3055260,14695070,64
20-02-2026 11:58,SPOT,256265,25604.9,25610.4,25601.2,25607.9,0,0,67
20-02-2026 11:58,FUTURE,15150594,25627.2,25635,25622.2,25630,3070210,14680380,64
20-02-2026 11:59,SPOT,256265,25607,25608.15,25597.5,25597.5,0,0,83
20-02-2026 11:59,FUTURE,15150594,25630,25630,25616,25616,3075410,14680380,70
20-02-2026 12:00,SPOT,256265,25598.15,25602.05,25595.65,25597.3,0,0,95
20-02-2026 12:00,FUTURE,15150594,25620,25627,25615,25615,3084250,14680380,88
20-02-2026 12:01,SPOT,256265,25597.05,25598.55,25587.15,25588.35,0,0,79
20-02-2026 12:01,FUTURE,15150594,25613.6,25617.8,25601.3,25605,3091660,14685060,74
20-02-2026 12:02,SPOT,256265,25588.25,25588.25,25580.55,25582.4,0,0,76
20-02-2026 12:02,FUTURE,15150594,25605,25609.2,25600.1,25600.5,3101800,14685060,71
20-02-2026 12:03,SPOT,256265,25582.6,25589.1,25582.6,25583.95,0,0,97
20-02-2026 12:03,FUTURE,15150594,25601.8,25610,25599.4,25602.5,3111550,14685060,78
20-02-2026 12:04,SPOT,256265,25583.9,25588.05,25582.95,25587.3,0,0,86
20-02-2026 12:04,FUTURE,15150594,25602.5,25608.8,25600.7,25608.8,3115970,14695785,58
20-02-2026 12:05,SPOT,256265,25586.75,25590.1,25584.4,25585.2,0,0,103
20-02-2026 12:05,FUTURE,15150594,25608.8,25612,25602.6,25602.6,3122275,14695785,70
20-02-2026 12:06,SPOT,256265,25585.3,25590.9,25583.65,25588.85,0,0,83
20-02-2026 12:06,FUTURE,15150594,25602.6,25609.9,25602,25604.9,3128385,14695785,67
20-02-2026 12:07,SPOT,256265,25588,25590.85,25583.55,25585.9,0,0,84
20-02-2026 12:07,FUTURE,15150594,25604.9,25610,25602.1,25605,3137160,14666925,67
20-02-2026 12:08,SPOT,256265,25586.55,25592.35,25586.55,25589.9,0,0,75
20-02-2026 12:08,FUTURE,15150594,25605,25612,25605,25608.7,3141125,14666925,73
20-02-2026 12:09,SPOT,256265,25588.95,25594.05,25583.4,25593.7,0,0,79
20-02-2026 12:09,FUTURE,15150594,25608.7,25612.6,25600,25612.6,3146910,14666925,73
20-02-2026 12:10,SPOT,256265,25592.8,25596.35,25591.75,25593.9,0,0,56
20-02-2026 12:10,FUTURE,15150594,25612.6,25614,25607.2,25613.4,3159715,14683110,46
20-02-2026 12:11,SPOT,256265,25593.4,25597.3,25592.8,25595,0,0,91
20-02-2026 12:11,FUTURE,15150594,25613.4,25614,25607.5,25612,3161665,14683110,71
20-02-2026 12:12,SPOT,256265,25595.6,25596.45,25591.2,25594.05,0,0,84
20-02-2026 12:12,FUTURE,15150594,25612,25614,25605.9,25613,3168230,14683110,77
20-02-2026 12:13,SPOT,256265,25594.25,25598.9,25592.85,25598.15,0,0,100
20-02-2026 12:13,FUTURE,15150594,25610,25615,25606.1,25615,3180645,14683110,81
20-02-2026 12:14,SPOT,256265,25598.65,25604.5,25598.2,25603.25,0,0,63
20-02-2026 12:14,FUTURE,15150594,25615,25625,25615,25625,3187925,14688830,56
20-02-2026 12:15,SPOT,256265,25602.45,25613.6,25602.1,25611.8,0,0,57
20-02-2026 12:15,FUTURE,15150594,25625,25635,25622.5,25633.5,3204955,14688830,58
20-02-2026 12:16,SPOT,256265,25611.75,25620.8,25610.95,25617.1,0,0,66
20-02-2026 12:16,FUTURE,15150594,25633,25643,25630.1,25635.7,3226665,14677715,62
20-02-2026 12:17,SPOT,256265,25616.9,25631.05,25616.9,25625.8,0,0,53
20-02-2026 12:17,FUTURE,15150594,25635.7,25658,25635.7,25645.3,3327610,14677715,56
20-02-2026 12:18,SPOT,256265,25625.1,25635.9,25625.1,25635.9,0,0,66
20-02-2026 12:18,FUTURE,15150594,25645.3,25663.8,25643,25663.8,3373565,14677715,65
20-02-2026 12:19,SPOT,256265,25636.55,25639.6,25631.95,25634.2,0,0,65
20-02-2026 12:19,FUTURE,15150594,25662.4,25663,25655.2,25662,3395730,14671020,58
20-02-2026 12:20,SPOT,256265,25634.9,25646.9,25634.9,25640,0,0,57
20-02-2026 12:20,FUTURE,15150594,25664.3,25671,25658.1,25661.2,3441555,14671020,56
20-02-2026 12:21,SPOT,256265,25640.2,25646,25638.3,25644.45,0,0,70
20-02-2026 12:21,FUTURE,15150594,25667.3,25670,25656.2,25665.2,3457480,14671020,66
20-02-2026 12:22,SPOT,256265,25644.05,25648.85,25640.8,25648.25,0,0,56
20-02-2026 12:22,FUTURE,15150594,25665.2,25674,25662.5,25671.2,3477760,14676545,50
20-02-2026 12:23,SPOT,256265,25648.3,25650.7,25647.35,25648.85,0,0,52
20-02-2026 12:23,FUTURE,15150594,25671.8,25677.2,25670.3,25675.5,3504865,14676545,53
20-02-2026 12:24,SPOT,256265,25648.35,25650.85,25647.45,25647.85,0,0,70
20-02-2026 12:24,FUTURE,15150594,25674.9,25679.8,25674,25675,3527485,14676545,68
20-02-2026 12:25,SPOT,256265,25648.1,25649.65,25646.65,25647.45,0,0,50
20-02-2026 12:25,FUTURE,15150594,25676,25676,25668.5,25670.1,3543475,14674270,49
20-02-2026 12:26,SPOT,256265,25647.55,25662.65,25647.25,25662.5,0,0,67
20-02-2026 12:26,FUTURE,15150594,25670,25687,25669.3,25686,3577600,14674270,68
20-02-2026 12:27,SPOT,256265,25662.9,25662.9,25651.4,25654.8,0,0,61
20-02-2026 12:27,FUTURE,15150594,25686,25687.6,25673.1,25679.8,3593590,14674270,63
20-02-2026 12:28,SPOT,256265,25654.4,25661.75,25653.1,25655.6,0,0,65
20-02-2026 12:28,FUTURE,15150594,25679.7,25685.6,25677.5,25680,3624335,14674270,67
20-02-2026 12:29,SPOT,256265,25656.05,25661.7,25651.3,25653.45,0,0,72
20-02-2026 12:29,FUTURE,15150594,25680,25682.9,25675.8,25678.7,3637205,14680705,69
20-02-2026 12:30,SPOT,256265,25652.95,25657.1,25652.45,25654.6,0,0,52
20-02-2026 12:30,FUTURE,15150594,25678.6,25685,25678.6,25684.2,3664700,14680705,50
20-02-2026 12:31,SPOT,256265,25655,25658.35,25653.15,25657.65,0,0,82
20-02-2026 12:31,FUTURE,15150594,25681.2,25684,25679.6,25681,3676985,14680705,81
20-02-2026 12:32,SPOT,256265,25656.75,25657.5,25650.95,25652.2,0,0,65
20-02-2026 12:32,FUTURE,15150594,25681,25682.9,25675.6,25675.6,3688165,14686100,59
20-02-2026 12:33,SPOT,256265,25650.65,25653.35,25640.6,25641.7,0,0,86
20-02-2026 12:33,FUTURE,15150594,25675.1,25679.8,25666,25666,3697980,14686100,77
20-02-2026 12:34,SPOT,256265,25641.45,25645.7,25641.45,25643.55,0,0,87
20-02-2026 12:34,FUTURE,15150594,25666.4,25674.9,25664.5,25667.7,3727945,14686100,88
20-02-2026 12:35,SPOT,256265,25643,25649.2,25643,25645.45,0,0,89
20-02-2026 12:35,FUTURE,15150594,25667.7,25675,25667.7,25671.2,3747705,14687725,84
20-02-2026 12:36,SPOT,256265,25646.2,25648.5,25641.9,25643.5,0,0,92
20-02-2026 12:36,FUTURE,15150594,25670,25673.1,25669,25669,3756870,14687725,92
20-02-2026 12:37,SPOT,256265,25642.45,25645.05,25634.95,25637.35,0,0,85
20-02-2026 12:37,FUTURE,15150594,25669,25672.6,25660.6,25665.3,3764605,14687725,70
20-02-2026 12:38,SPOT,256265,25636.45,25642.25,25635.1,25635.1,0,0,86
20-02-2026 12:38,FUTURE,15150594,25665,25668.6,25662,25662,3784560,14696890,83
20-02-2026 12:39,SPOT,256265,25636.5,25637.1,25632,25632.75,0,0,88
20-02-2026 12:39,FUTURE,15150594,25662,25664,25660.1,25663,3802565,14696890,86
20-02-2026 12:40,SPOT,256265,25633.35,25636.95,25631.85,25631.85,0,0,51
20-02-2026 12:40,FUTURE,15150594,25663,25665,25660,25661.4,3810755,14696890,51
20-02-2026 12:41,SPOT,256265,25632.15,25636.35,25630.4,25631.65,0,0,84
20-02-2026 12:41,FUTURE,15150594,25660.7,25665,25658,25659.4,3826095,14706575,83
20-02-2026 12:42,SPOT,256265,25630.1,25633.7,25624.25,25626.05,0,0,77
20-02-2026 12:42,FUTURE,15150594,25659.4,25659.4,25650,25650.6,3841890,14706575,76
20-02-2026 12:43,SPOT,256265,25625.7,25627.55,25608.8,25609.3,0,0,72
20-02-2026 12:43,FUTURE,15150594,25651.7,25655,25630.6,25632.2,3874065,14706575,75
20-02-2026 12:44,SPOT,256265,25609.8,25611.4,25604.95,25606.95,0,0,83
20-02-2026 12:44,FUTURE,15150594,25632,25640,25626.7,25628,3889860,14721330,82
20-02-2026 12:45,SPOT,256265,25605.95,25606.65,25599.95,25600.7,0,0,67
20-02-2026 12:45,FUTURE,15150594,25630,25635.4,25625,25629,3918460,14721330,71
20-02-2026 12:46,SPOT,256265,25601.95,25602.8,25588.7,25593.05,0,0,77
20-02-2026 12:46,FUTURE,15150594,25626.9,25632.5,25614.3,25616,3945435,14721330,76
20-02-2026 12:47,SPOT,256265,25594.65,25600.75,25592.6,25599.7,0,0,67
20-02-2026 12:47,FUTURE,15150594,25616,25626.7,25616,25624.9,3957590,14739205,61
20-02-2026 12:48,SPOT,256265,25600.05,25619.25,25600.05,25619.25,0,0,67
20-02-2026 12:48,FUTURE,15150594,25624,25640.5,25623,25640.5,3976245,14739205,64
20-02-2026 12:49,SPOT,256265,25619.1,25623.85,25608.5,25608.55,0,0,72
20-02-2026 12:49,FUTURE,15150594,25641,25650,25626.5,25627,3988335,14739205,68
20-02-2026 12:50,SPOT,256265,25607.55,25610.6,25605,25607.2,0,0,64
20-02-2026 12:50,FUTURE,15150594,25627,25632.6,25621.1,25626.2,4009720,14736800,55
20-02-2026 12:51,SPOT,256265,25606.95,25612.5,25606.75,25611.8,0,0,65
20-02-2026 12:51,FUTURE,15150594,25626.2,25635.6,25625,25630.2,4023435,14736800,64
20-02-2026 12:52,SPOT,256265,25611.8,25611.8,25608.6,25611.05,0,0,63
20-02-2026 12:52,FUTURE,15150594,25630.3,25632.2,25626.9,25628.1,4028895,14736800,57
20-02-2026 12:53,SPOT,256265,25610.8,25612.15,25601.15,25602.05,0,0,84
20-02-2026 12:53,FUTURE,15150594,25628.1,25628.1,25618,25620,4037865,14733355,72
20-02-2026 12:54,SPOT,256265,25603.1,25613.7,25602.6,25613.15,0,0,50
20-02-2026 12:54,FUTURE,15150594,25622.4,25634.7,25620,25632.6,4044625,14733355,45
20-02-2026 12:55,SPOT,256265,25612.1,25612.95,25607.1,25608.85,0,0,59
20-02-2026 12:55,FUTURE,15150594,25632.6,25636.4,25625.7,25625.7,4049500,14733355,44
20-02-2026 12:56,SPOT,256265,25608.2,25608.2,25590.2,25591.35,0,0,62
20-02-2026 12:56,FUTURE,15150594,25624,25624,25608.7,25615,4063865,14696435,58
20-02-2026 12:57,SPOT,256265,25591.2,25592.4,25578.45,25578.45,0,0,54
20-02-2026 12:57,FUTURE,15150594,25615,25615,25601.9,25601.9,4079985,14696435,48
20-02-2026 12:58,SPOT,256265,25580.05,25584.85,25574.2,25584.85,0,0,63
20-02-2026 12:58,FUTURE,15150594,25601.2,25609,25592.8,25605.9,4113135,14696435,61
20-02-2026 12:59,SPOT,256265,25586.5,25594.6,25585.45,25594.6,0,0,67
20-02-2026 12:59,FUTURE,15150594,25605.9,25615.5,25604.8,25613,4125420,14687725,62
20-02-2026 13:00,SPOT,256265,25595.3,25609.75,25595.3,25606,0,0,51
20-02-2026 13:00,FUTURE,15150594,25615.6,25625,25612.9,25621.1,4142645,14687725,48
20-02-2026 13:01,SPOT,256265,25606.2,25607.95,25602.35,25603.5,0,0,67
20-02-2026 13:01,FUTURE,15150594,25620,25624,25616.7,25620.6,4149470,14687725,53
20-02-2026 13:02,SPOT,256265,25604.7,25605.8,25589.55,25589.55,0,0,68
20-02-2026 13:02,FUTURE,15150594,25620.6,25621.2,25600.1,25600.1,4160650,14694615,54
20-02-2026 13:03,SPOT,256265,25589.75,25592.5,25585.85,25586.15,0,0,69
20-02-2026 13:03,FUTURE,15150594,25600,25603.7,25597,25598.1,4176445,14694615,62
20-02-2026 13:04,SPOT,256265,25586.35,25592.35,25585.95,25587.65,0,0,67
20-02-2026 13:04,FUTURE,15150594,25598,25609.6,25595,25603,4188795,14694615,58
20-02-2026 13:05,SPOT,256265,25587.9,25588.25,25582.3,25582.5,0,0,69
20-02-2026 13:05,FUTURE,15150594,25603,25603,25594.9,25595,4201210,14704755,62
20-02-2026 13:06,SPOT,256265,25582.4,25583.55,25578.05,25579.4,0,0,57
20-02-2026 13:06,FUTURE,15150594,25595.7,25599,25591.5,25592.2,4214145,14704755,57
20-02-2026 13:07,SPOT,256265,25579.35,25579.35,25571.9,25572.05,0,0,56
20-02-2026 13:07,FUTURE,15150594,25592.2,25593,25585.2,25585.2,4230395,14704755,51
20-02-2026 13:08,SPOT,256265,25571.8,25573.5,25561.65,25568.75,0,0,52
20-02-2026 13:08,FUTURE,15150594,25585.2,25588,25574,25582.7,4279145,14716715,49
20-02-2026 13:09,SPOT,256265,25567.8,25570.4,25561.5,25562.65,0,0,65
20-02-2026 13:09,FUTURE,15150594,25581.9,25588,25573.2,25578.3,4293380,14716715,58
20-02-2026 13:10,SPOT,256265,25562.35,25566.3,25553.15,25553.15,0,0,45
20-02-2026 13:10,FUTURE,15150594,25578.4,25582,25561,25562.9,4318665,14716715,46
20-02-2026 13:11,SPOT,256265,25553.4,25554.9,25535.75,25539.3,0,0,44
20-02-2026 13:11,FUTURE,15150594,25560,25565,25540.6,25546,4366895,14734135,45
20-02-2026 13:12,SPOT,256265,25541.7,25544.3,25536.85,25539.85,0,0,48
20-02-2026 13:12,FUTURE,15150594,25549.9,25555,25541.9,25547,4391075,14734135,46
20-02-2026 13:13,SPOT,256265,25540.1,25555.5,25540.1,25555.5,0,0,51
20-02-2026 13:13,FUTURE,15150594,25548,25568.8,25548,25568,4424615,14734135,48
20-02-2026 13:14,SPOT,256265,25556.25,25559.4,25554.1,25554.6,0,0,50
20-02-2026 13:14,FUTURE,15150594,25569.8,25574.7,25562,25566.6,4435860,14748045,49
20-02-2026 13:15,SPOT,256265,25554.5,25554.5,25543.15,25543.15,0,0,68
20-02-2026 13:15,FUTURE,15150594,25566.2,25566.2,25546.7,25550,4466085,14748045,63
20-02-2026 13:16,SPOT,256265,25543.5,25549.05,25538.9,25548.7,0,0,71
20-02-2026 13:16,FUTURE,15150594,25546.9,25562.9,25545.8,25562.9,4482400,14748045,62
20-02-2026 13:17,SPOT,256265,25550.1,25559.15,25548.95,25549.6,0,0,86
20-02-2026 13:17,FUTURE,15150594,25561,25573.2,25557.5,25560.3,4501055,14773525,84
20-02-2026 13:18,SPOT,256265,25551.75,25552.5,25541.55,25542.9,0,0,84
20-02-2026 13:18,FUTURE,15150594,25560.3,25568,25553,25554.4,4511520,14773525,74
20-02-2026 13:19,SPOT,256265,25542.6,25546.4,25539.05,25546.3,0,0,85
20-02-2026 13:19,FUTURE,15150594,25554.4,25560.4,25550,25554.8,4524000,14773525,84
20-02-2026 13:20,SPOT,256265,25545.65,25550.5,25544.1,25545.7,0,0,63
20-02-2026 13:20,FUTURE,15150594,25554.8,25569.6,25554.8,25555.7,4537910,14771965,64
20-02-2026 13:21,SPOT,256265,25544.7,25544.7,25532,25533.55,0,0,64
20-02-2026 13:21,FUTURE,15150594,25557.4,25557.4,25545,25547,4547660,14771965,56
20-02-2026 13:22,SPOT,256265,25533.7,25546.85,25533.7,25544.3,0,0,63
20-02-2026 13:22,FUTURE,15150594,25548.4,25563.8,25547.3,25561.8,4573010,14771965,63
20-02-2026 13:23,SPOT,256265,25544.6,25546.05,25537.55,25538.95,0,0,52
20-02-2026 13:23,FUTURE,15150594,25561.8,25562.3,25553.8,25557,4580875,14531920,48
20-02-2026 13:24,SPOT,256265,25539.7,25550.8,25539.45,25549.5,0,0,48
20-02-2026 13:24,FUTURE,15150594,25559.4,25567,25556.9,25565.3,4588805,14531920,45
20-02-2026 13:25,SPOT,256265,25549.2,25551.35,25540.3,25550.1,0,0,35
20-02-2026 13:25,FUTURE,15150594,25565.3,25565.3,25557,25565.3,4597580,14531920,33
20-02-2026 13:26,SPOT,256265,25552.85,25556.65,25548.9,25551.2,0,0,49
20-02-2026 13:26,FUTURE,15150594,25568,25575,25566,25569.6,4609800,14518985,49
20-02-2026 13:27,SPOT,256265,25554.25,25560.15,25548.5,25556.7,0,0,75
20-02-2026 13:27,FUTURE,15150594,25565.8,25574.4,25562,25571.1,4621175,14518985,67
20-02-2026 13:28,SPOT,256265,25557.3,25573.05,25554.6,25570.35,0,0,46
20-02-2026 13:28,FUTURE,15150594,25570.1,25587.5,25569.4,25583.4,4638140,14518985,43
20-02-2026 13:29,SPOT,256265,25569.2,25573.3,25565.3,25568.8,0,0,62
20-02-2026 13:29,FUTURE,15150594,25582.6,25585,25575,25575,4650230,14523860,57
20-02-2026 13:30,SPOT,256265,25568.4,25582.4,25567.2,25574.35,0,0,46
20-02-2026 13:30,FUTURE,15150594,25577.9,25592,25574,25582,4663815,14523860,41
20-02-2026 13:31,SPOT,256265,25575.35,25584.1,25573.9,25580.3,0,0,47
20-02-2026 13:31,FUTURE,15150594,25585,25592.3,25580.5,25588.9,4672525,14523860,46
20-02-2026 13:32,SPOT,256265,25580.65,25587.5,25579.4,25584.15,0,0,55
20-02-2026 13:32,FUTURE,15150594,25590.9,25592.2,25585,25586.8,4682600,14533480,48
20-02-2026 13:33,SPOT,256265,25585.7,25586.1,25579.45,25582.25,0,0,61
20-02-2026 13:33,FUTURE,15150594,25588.6,25588.6,25580,25585,4691440,14533480,54
20-02-2026 13:34,SPOT,256265,25582.3,25592.15,25580.95,25591.9,0,0,60
20-02-2026 13:34,FUTURE,15150594,25585.2,25595,25583.2,25595,4701320,14533480,52
20-02-2026 13:35,SPOT,256265,25593.7,25609.3,25592.05,25606.9,0,0,44
20-02-2026 13:35,FUTURE,15150594,25596.2,25619,25594,25608.4,4726540,14541995,43
20-02-2026 13:36,SPOT,256265,25606.55,25606.55,25585.1,25585.55,0,0,49
20-02-2026 13:36,FUTURE,15150594,25608.4,25608.4,25588.3,25591.6,4761510,14541995,50
20-02-2026 13:37,SPOT,256265,25583.6,25584.35,25575.05,25581.8,0,0,76
20-02-2026 13:37,FUTURE,15150594,25590,25590,25580,25586.9,4771520,14541995,72
20-02-2026 13:38,SPOT,256265,25582.2,25587.15,25579.1,25579.1,0,0,70
20-02-2026 13:38,FUTURE,15150594,25586.9,25595,25583.4,25588.1,4777435,14561885,52
20-02-2026 13:39,SPOT,256265,25579.95,25581.35,25568.7,25568.7,0,0,83
20-02-2026 13:39,FUTURE,15150594,25588.1,25591.7,25582,25590,4784585,14561885,67
20-02-2026 13:40,SPOT,256265,25577.45,25578.05,25571.3,25571.3,0,0,62
20-02-2026 13:40,FUTURE,15150594,25589,25589,25582.1,25582.4,4791800,14561885,45
20-02-2026 13:41,SPOT,256265,25571.95,25575,25569.25,25571.1,0,0,72
20-02-2026 13:41,FUTURE,15150594,25582.4,25586.1,25580,25583.7,4798300,14569945,53
20-02-2026 13:42,SPOT,256265,25570.3,25571.25,25556.7,25561.15,0,0,62
20-02-2026 13:42,FUTURE,15150594,25581,25582.3,25561.1,25572,4815330,14569945,57
20-02-2026 13:43,SPOT,256265,25561.95,25579.95,25561.95,25577.6,0,0,76
20-02-2026 13:43,FUTURE,15150594,25572,25594.7,25572,25591.8,4829175,14569945,71
20-02-2026 13:44,SPOT,256265,25577,25580.05,25572.15,25573,0,0,78
20-02-2026 13:44,FUTURE,15150594,25591.8,25593.1,25582.5,25583.3,4840745,14579370,63
20-02-2026 13:45,SPOT,256265,25573.95,25587.4,25573.95,25577.6,0,0,69
20-02-2026 13:45,FUTURE,15150594,25583.3,25603.7,25583.3,25590.3,4854070,14579370,60
20-02-2026 13:46,SPOT,256265,25577.2,25579.2,25570.85,25574.95,0,0,80
20-02-2026 13:46,FUTURE,15150594,25590.3,25591.6,25580.1,25582.2,4860765,14579370,61
20-02-2026 13:47,SPOT,256265,25575.35,25576.75,25570.1,25572.8,0,0,68
20-02-2026 13:47,FUTURE,15150594,25582.2,25583.7,25580,25581,4865575,14592695,53
20-02-2026 13:48,SPOT,256265,25572.65,25577.9,25568.75,25576.85,0,0,76
20-02-2026 13:48,FUTURE,15150594,25581,25587,25578,25587,4872920,14592695,59
20-02-2026 13:49,SPOT,256265,25577.55,25585.1,25575.8,25580.9,0,0,97
20-02-2026 13:49,FUTURE,15150594,25588,25593,25587,25592.6,4879550,14592695,72
20-02-2026 13:50,SPOT,256265,25580.9,25582.8,25579.6,25581.1,0,0,82
20-02-2026 13:50,FUTURE,15150594,25592.6,25594,25590,25594,4885335,14596595,62
20-02-2026 13:51,SPOT,256265,25581.05,25583.25,25576,25576.4,0,0,95
20-02-2026 13:51,FUTURE,15150594,25591.1,25594,25586.5,25589.9,4893135,14596595,74
20-02-2026 13:52,SPOT,256265,25576.35,25578.8,25571.8,25572.25,0,0,81
20-02-2026 13:52,FUTURE,15150594,25589.9,25592,25582.5,25585.6,4900870,14596595,58
20-02-2026 13:53,SPOT,256265,25572.6,25576.3,25572.05,25574.9,0,0,102
20-02-2026 13:53,FUTURE,15150594,25585.6,25590,25584.5,25589.1,4906460,14609465,75
20-02-2026 13:54,SPOT,256265,25575,25576.1,25565.15,25565.2,0,0,74
20-02-2026 13:54,FUTURE,15150594,25589.1,25590,25575.2,25575.2,4915235,14609465,62
20-02-2026 13:55,SPOT,256265,25564.9,25574.1,25561.4,25573.05,0,0,62
20-02-2026 13:55,FUTURE,15150594,25579,25590,25575,25590,4935905,14609465,56
20-02-2026 13:56,SPOT,256265,25573.75,25578.95,25570,25576.25,0,0,89
20-02-2026 13:56,FUTURE,15150594,25588.5,25591,25583.4,25591,4946760,14626170,75
20-02-2026 13:57,SPOT,256265,25578.55,25587.75,25575.4,25585.55,0,0,78
20-02-2026 13:57,FUTURE,15150594,25591,25605.5,25589.1,25605,4960215,14626170,68
20-02-2026 13:58,SPOT,256265,25585.75,25602,25585.2,25598.2,0,0,56
20-02-2026 13:58,FUTURE,15150594,25604.6,25618.8,25603.8,25613.9,4977050,14626170,52
20-02-2026 13:59,SPOT,256265,25597.35,25602.1,25594.4,25601.15,0,0,69
20-02-2026 13:59,FUTURE,15150594,25612,25617,25607.6,25617,4995315,14639170,65
20-02-2026 14:00,SPOT,256265,25600.75,25603.6,25595.85,25599.7,0,0,56
20-02-2026 14:00,FUTURE,15150594,25617,25619,25610,25619,5022680,14639170,49
20-02-2026 14:01,SPOT,256265,25599.95,25611.55,25599.2,25604.75,0,0,51
20-02-2026 14:01,FUTURE,15150594,25619,25630,25617,25621.8,5054465,14639170,54
20-02-2026 14:02,SPOT,256265,25606.1,25606.1,25593.75,25594.95,0,0,55
20-02-2026 14:02,FUTURE,15150594,25621.3,25621.8,25612,25612,5067530,14661140,49
20-02-2026 14:03,SPOT,256265,25595.7,25603.25,25595,25597.65,0,0,81
20-02-2026 14:03,FUTURE,15150594,25612,25620,25609.3,25615,5074420,14661140,72
20-02-2026 14:04,SPOT,256265,25597.65,25602.4,25593,25593,0,0,78
20-02-2026 14:04,FUTURE,15150594,25615,25619,25610.3,25610.3,5082025,14661140,58
20-02-2026 14:05,SPOT,256265,25592.2,25593.4,25578.1,25586.6,0,0,64
20-02-2026 14:05,FUTURE,15150594,25607.8,25607.8,25591.5,25604.7,5094115,14667900,56
20-02-2026 14:06,SPOT,256265,25589.5,25592.95,25585.8,25590.6,0,0,72
20-02-2026 14:06,FUTURE,15150594,25604.7,25611.1,25604.7,25608,5102045,14667900,56
20-02-2026 14:07,SPOT,256265,25593.45,25600.6,25586.4,25599.3,0,0,69
20-02-2026 14:07,FUTURE,15150594,25608,25618.8,25602.8,25618,5122260,14667900,64
20-02-2026 14:08,SPOT,256265,25598.65,25601.35,25593.15,25594.15,0,0,61
20-02-2026 14:08,FUTURE,15150594,25619,25619,25610.1,25613.2,5131490,14685905,52
20-02-2026 14:09,SPOT,256265,25594.25,25597.5,25592.3,25596,0,0,88
20-02-2026 14:09,FUTURE,15150594,25613.1,25615,25611,25615,5141175,14685905,75
20-02-2026 14:10,SPOT,256265,25595.85,25599.85,25594.75,25595,0,0,52
20-02-2026 14:10,FUTURE,15150594,25618.9,25619.2,25613.5,25615,5150665,14685905,48
20-02-2026 14:11,SPOT,256265,25595.75,25601.3,25592,25597.4,0,0,66
20-02-2026 14:11,FUTURE,15150594,25615,25618,25611,25616,5161780,14699555,53
20-02-2026 14:12,SPOT,256265,25598.8,25599.6,25592.95,25596.15,0,0,83
20-02-2026 14:12,FUTURE,15150594,25616,25617.6,25609.8,25614.2,5171985,14699555,67
20-02-2026 14:13,SPOT,256265,25595.75,25598.15,25591.8,25598.15,0,0,83
20-02-2026 14:13,FUTURE,15150594,25614.2,25615,25609,25613.2,5190120,14699555,64
20-02-2026 14:14,SPOT,256265,25598.5,25602.15,25596.75,25602.15,0,0,65
20-02-2026 14:14,FUTURE,15150594,25615.4,25619,25611.3,25615.6,5199415,14715285,54
20-02-2026 14:15,SPOT,256265,25601.65,25612.1,25601.65,25611.6,0,0,77
20-02-2026 14:15,FUTURE,15150594,25615.6,25628,25615.6,25624.7,5213000,14715285,73
20-02-2026 14:16,SPOT,256265,25611.5,25621.1,25611.5,25618.65,0,0,63
20-02-2026 14:16,FUTURE,15150594,25622.9,25634.5,25622.9,25632.3,5230225,14715285,61
20-02-2026 14:17,SPOT,256265,25617.5,25621.9,25616,25621.9,0,0,72
20-02-2026 14:17,FUTURE,15150594,25631.1,25632.1,25625,25630,5244460,14725360,68
20-02-2026 14:18,SPOT,256265,25623.55,25630.35,25622.85,25629.25,0,0,57
20-02-2026 14:18,FUTURE,15150594,25636.7,25643,25634,25643,5267145,14725360,55
20-02-2026 14:19,SPOT,256265,25631.15,25631.5,25625.15,25630.55,0,0,69
20-02-2026 14:19,FUTURE,15150594,25642.6,25644.7,25635.7,25643.1,5279950,14725360,64
20-02-2026 14:20,SPOT,256265,25630.5,25630.55,25620.5,25620.65,0,0,66
20-02-2026 14:20,FUTURE,15150594,25641.6,25643.1,25631.6,25635,5300295,14748175,66
20-02-2026 14:21,SPOT,256265,25622.15,25634,25621.25,25632.55,0,0,74
20-02-2026 14:21,FUTURE,15150594,25635,25647.9,25632.6,25642.2,5321940,14748175,71
20-02-2026 14:22,SPOT,256265,25632.5,25634.15,25621.8,25622.15,0,0,71
20-02-2026 14:22,FUTURE,15150594,25644.8,25647.9,25632,25637,5333120,14748175,66
20-02-2026 14:23,SPOT,256265,25621.9,25623.85,25610.15,25610.65,0,0,67
20-02-2026 14:23,FUTURE,15150594,25637.8,25639,25629.1,25630.1,5344755,14658280,59
20-02-2026 14:24,SPOT,256265,25610.35,25614.05,25602.5,25604.55,0,0,64
20-02-2026 14:24,FUTURE,15150594,25628,25630.5,25621.8,25629.1,5353920,14658280,62
20-02-2026 14:25,SPOT,256265,25604.35,25607.3,25599.85,25603.4,0,0,56
20-02-2026 14:25,FUTURE,15150594,25629.1,25629.1,25621.8,25625.5,5359900,14658280,48
20-02-2026 14:26,SPOT,256265,25603.8,25606.6,25594.4,25596.3,0,0,80
20-02-2026 14:26,FUTURE,15150594,25625.5,25629.5,25615.3,25617.3,5371275,14667250,70
20-02-2026 14:27,SPOT,256265,25597,25602.95,25594.75,25596.3,0,0,84
20-02-2026 14:27,FUTURE,15150594,25618,25626.6,25616,25616,5390320,14667250,85
20-02-2026 14:28,SPOT,256265,25594.45,25596.45,25587.05,25592.9,0,0,91
20-02-2026 14:28,FUTURE,15150594,25616,25619.1,25610,25615.6,5404295,14667250,96
20-02-2026 14:29,SPOT,256265,25593.75,25600.55,25591.1,25591.1,0,0,84
20-02-2026 14:29,FUTURE,15150594,25615.6,25622,25609.1,25609.1,5412355,14678365,83
20-02-2026 14:30,SPOT,256265,25591.5,25598,25585.9,25595.3,0,0,67
20-02-2026 14:30,FUTURE,15150594,25608,25617.1,25602.8,25611.6,5426135,14678365,64
20-02-2026 14:31,SPOT,256265,25595.35,25601.45,25595.35,25598.3,0,0,84
20-02-2026 14:31,FUTURE,15150594,25617.5,25620,25612.5,25619.9,5433805,14678365,68
20-02-2026 14:32,SPOT,256265,25599.65,25603.45,25595.25,25600.15,0,0,74
20-02-2026 14:32,FUTURE,15150594,25621,25625.5,25613.6,25620.5,5443360,14691495,67
20-02-2026 14:33,SPOT,256265,25600.7,25601.05,25595.1,25599.7,0,0,65
20-02-2026 14:33,FUTURE,15150594,25620.5,25622,25616.5,25618.4,5454085,14691495,57
20-02-2026 14:34,SPOT,256265,25599.6,25604.85,25597.1,25601.05,0,0,75
20-02-2026 14:34,FUTURE,15150594,25618.4,25625,25613.8,25624.3,5464095,14691495,58
20-02-2026 14:35,SPOT,256265,25600.7,25615.35,25600.7,25615.15,0,0,54
20-02-2026 14:35,FUTURE,15150594,25624.3,25637.9,25620.2,25634.3,5478070,14709760,49
20-02-2026 14:36,SPOT,256265,25615.1,25617.45,25605.45,25608.3,0,0,50
20-02-2026 14:36,FUTURE,15150594,25636.9,25638.1,25621.7,25629.4,5486715,14709760,43
20-02-2026 14:37,SPOT,256265,25611.2,25612.75,25607.15,25607.35,0,0,57
20-02-2026 14:37,FUTURE,15150594,25629.4,25633.7,25627.7,25627.7,5495555,14709760,49
20-02-2026 14:38,SPOT,256265,25603.45,25603.45,25595.95,25597.3,0,0,45
20-02-2026 14:38,FUTURE,15150594,25624.3,25625,25615,25618.8,5511025,14725035,46
20-02-2026 14:39,SPOT,256265,25597.35,25610,25597.1,25607.75,0,0,53
20-02-2026 14:39,FUTURE,15150594,25618.8,25629.9,25618.1,25627,5537610,14725035,54
20-02-2026 14:40,SPOT,256265,25609.3,25617.35,25607.95,25612.05,0,0,40
20-02-2026 14:40,FUTURE,15150594,25629,25639,25627.8,25633.8,5565300,14725035,41
20-02-2026 14:41,SPOT,256265,25612.35,25613.3,25607.45,25613.3,0,0,54
20-02-2026 14:41,FUTURE,15150594,25633.8,25636.7,25626.5,25636.7,5574270,14758770,52
20-02-2026 14:42,SPOT,256265,25614.1,25614.7,25609.95,25613.35,0,0,64
20-02-2026 14:42,FUTURE,15150594,25636,25636,25629,25634,5585255,14758770,52
20-02-2026 14:43,SPOT,256265,25613.4,25619.65,25611.7,25619.65,0,0,65
20-02-2026 14:43,FUTURE,15150594,25634,25643,25632.1,25640.7,5596760,14758770,59
20-02-2026 14:44,SPOT,256265,25620.35,25637.6,25619.5,25624.1,0,0,48
20-02-2026 14:44,FUTURE,15150594,25640.7,25659.7,25640.5,25651,5645445,14761890,49
20-02-2026 14:45,SPOT,256265,25625.95,25640.6,25625.95,25639.45,0,0,53
20-02-2026 14:45,FUTURE,15150594,25647.6,25666.1,25647.6,25661,5703425,14761890,52
20-02-2026 14:46,SPOT,256265,25639.4,25642.4,25635.55,25642.15,0,0,62
20-02-2026 14:46,FUTURE,15150594,25661,25668.7,25660,25665,5751980,14761890,66
20-02-2026 14:47,SPOT,256265,25641.15,25641.15,25631.3,25635.65,0,0,61
20-02-2026 14:47,FUTURE,15150594,25668.8,25668.8,25653.1,25660,5773495,14806285,54
20-02-2026 14:48,SPOT,256265,25637.2,25648.75,25636.25,25647.75,0,0,46
20-02-2026 14:48,FUTURE,15150594,25660,25674.6,25660,25671.9,5793710,14806285,42
20-02-2026 14:49,SPOT,256265,25646.6,25652.85,25646.15,25649.85,0,0,64
20-02-2026 14:49,FUTURE,15150594,25671.1,25680,25668,25678,5829070,14806285,57
20-02-2026 14:50,SPOT,256265,25650.3,25650.3,25633.25,25634.2,0,0,43
20-02-2026 14:50,FUTURE,15150594,25678,25678,25654.6,25654.6,5856825,14794260,47
20-02-2026 14:51,SPOT,256265,25634.05,25634.05,25614.6,25625.8,0,0,51
20-02-2026 14:51,FUTURE,15150594,25655,25655,25635.2,25649.5,5879120,14794260,46
20-02-2026 14:52,SPOT,256265,25626.7,25633.5,25623.8,25633.45,0,0,42
20-02-2026 14:52,FUTURE,15150594,25654,25655,25645,25655,5890820,14794260,42
20-02-2026 14:53,SPOT,256265,25633.95,25633.95,25624.6,25624.8,0,0,44
20-02-2026 14:53,FUTURE,15150594,25652.1,25653,25639.4,25642.5,5904145,14801150,39
20-02-2026 14:54,SPOT,256265,25626.4,25632.9,25624.15,25632.55,0,0,61
20-02-2026 14:54,FUTURE,15150594,25644.9,25657.6,25643.9,25653,5918770,14801150,47
20-02-2026 14:55,SPOT,256265,25630.8,25637.05,25630.5,25636.15,0,0,30
20-02-2026 14:55,FUTURE,15150594,25649.7,25657.8,25645.3,25657.8,5936710,14801150,32
20-02-2026 14:56,SPOT,256265,25636.2,25636.2,25630.45,25633.8,0,0,51
20-02-2026 14:56,FUTURE,15150594,25657.8,25657.8,25645.9,25650.7,5949840,14822015,44
20-02-2026 14:57,SPOT,256265,25635.2,25635.2,25629.3,25629.8,0,0,50
20-02-2026 14:57,FUTURE,15150594,25652,25655,25646.1,25650,5963620,14822015,45
20-02-2026 14:58,SPOT,256265,25630.15,25634.05,25629.5,25633.55,0,0,49
20-02-2026 14:58,FUTURE,15150594,25650,25653.9,25647.8,25652.3,5978050,14822015,50
20-02-2026 14:59,SPOT,256265,25633.3,25640.8,25633.3,25639.45,0,0,53
20-02-2026 14:59,FUTURE,15150594,25652.3,25663,25652.3,25663,5997615,14841970,47
20-02-2026 15:00,SPOT,256265,25649.65,25649.65,25623.3,25623.4,0,0,36
20-02-2026 15:00,FUTURE,15150594,25665,25665,25642.7,25642.8,6015945,14841970,34
20-02-2026 15:01,SPOT,256265,25621.15,25628.9,25621.15,25627.65,0,0,31
20-02-2026 15:01,FUTURE,15150594,25643,25650.6,25636.1,25647.1,6034080,14841970,30
20-02-2026 15:02,SPOT,256265,25626.7,25628.9,25610.1,25610.75,0,0,39
20-02-2026 15:02,FUTURE,15150594,25647.1,25649.9,25625.2,25625.2,6067230,14779570,39
20-02-2026 15:03,SPOT,256265,25612.5,25616.7,25610.25,25612.7,0,0,35
20-02-2026 15:03,FUTURE,15150594,25627.3,25638.1,25623.9,25631.7,6087770,14779570,34
20-02-2026 15:04,SPOT,256265,25610.55,25610.55,25596.2,25597.1,0,0,34
20-02-2026 15:04,FUTURE,15150594,25627.4,25627.4,25606.7,25610,6121050,14779570,35
20-02-2026 15:05,SPOT,256265,25595.95,25598.25,25593.95,25593.95,0,0,33
20-02-2026 15:05,FUTURE,15150594,25612.6,25615,25605,25605,6140225,14751165,32
20-02-2026 15:06,SPOT,256265,25589.7,25590.35,25581.1,25582.45,0,0,33
20-02-2026 15:06,FUTURE,15150594,25601.1,25601.1,25590.1,25593.8,6169735,14751165,32
20-02-2026 15:07,SPOT,256265,25583.55,25584.25,25572,25572,0,0,32
20-02-2026 15:07,FUTURE,15150594,25592,25599,25579.9,25579.9,6201845,14751165,30
20-02-2026 15:08,SPOT,256265,25571.2,25579.15,25571.2,25579.15,0,0,32
20-02-2026 15:08,FUTURE,15150594,25580,25594,25576.1,25594,6224725,14737255,34
20-02-2026 15:09,SPOT,256265,25579,25582.15,25572.9,25574.15,0,0,35
20-02-2026 15:09,FUTURE,15150594,25592.4,25596.5,25581.1,25588.1,6253910,14737255,35
20-02-2026 15:10,SPOT,256265,25574.55,25574.55,25566.75,25567.5,0,0,25
20-02-2026 15:10,FUTURE,15150594,25588.9,25588.9,25575.1,25575.1,6282900,14737255,25
20-02-2026 15:11,SPOT,256265,25567.25,25571.65,25566.1,25566.1,0,0,36
20-02-2026 15:11,FUTURE,15150594,25575.7,25585,25575.7,25580.4,6307015,14758120,36
20-02-2026 15:12,SPOT,256265,25567.5,25567.5,25564.4,25565.75,0,0,38
20-02-2026 15:12,FUTURE,15150594,25577.5,25583,25576,25580,6326840,14758120,35
20-02-2026 15:13,SPOT,256265,25566.35,25567.65,25564.3,25566.35,0,0,41
20-02-2026 15:13,FUTURE,15150594,25580,25584.1,25575,25575.1,6341660,14758120,35
20-02-2026 15:14,SPOT,256265,25566.35,25574,25563,25571.95,0,0,51
20-02-2026 15:14,FUTURE,15150594,25575.1,25589,25575,25580.3,6360185,14775020,42
20-02-2026 15:15,SPOT,256265,25570.85,25571.95,25566.65,25569.4,0,0,34
20-02-2026 15:15,FUTURE,15150594,25582.5,25585.1,25575,25580.2,6376240,14775020,32
20-02-2026 15:16,SPOT,256265,25568.85,25572.3,25568.85,25570.75,0,0,31
20-02-2026 15:16,FUTURE,15150594,25578.7,25589.6,25578.7,25585.9,6408480,14775020,33
20-02-2026 15:17,SPOT,256265,25570.35,25571.95,25566.15,25566.25,0,0,41
20-02-2026 15:17,FUTURE,15150594,25585.9,25589.5,25580.1,25581.9,6432855,14773200,39
20-02-2026 15:18,SPOT,256265,25567.65,25568.15,25563.8,25565.4,0,0,44
20-02-2026 15:18,FUTURE,15150594,25581.9,25581.9,25575,25578,6457555,14773200,38
20-02-2026 15:19,SPOT,256265,25565.75,25565.75,25552.3,25553.25,0,0,37
20-02-2026 15:19,FUTURE,15150594,25578,25579.3,25558.1,25563.3,6486870,14773200,36
20-02-2026 15:20,SPOT,256265,25554.1,25554.1,25541.5,25544.15,0,0,31
20-02-2026 15:20,FUTURE,15150594,25563.3,25563.3,25546,25551,6539780,14760265,31
20-02-2026 15:21,SPOT,256265,25543.85,25544.45,25539.15,25539.8,0,0,38
20-02-2026 15:21,FUTURE,15150594,25555.5,25555.9,25545,25549.9,6571110,14760265,37
20-02-2026 15:22,SPOT,256265,25540.3,25567.45,25538.9,25562.05,0,0,31
20-02-2026 15:22,FUTURE,15150594,25549.9,25598.2,25548.1,25580,6617910,14760265,30
20-02-2026 15:23,SPOT,256265,25562.55,25563.75,25555.3,25559.05,0,0,32
20-02-2026 15:23,FUTURE,15150594,25580,25583.1,25566.3,25573.1,6634745,14798875,31
20-02-2026 15:24,SPOT,256265,25557.45,25567.05,25554.8,25567.05,0,0,36
20-02-2026 15:24,FUTURE,15150594,25571.5,25582,25568,25582,6660355,14798875,38
20-02-2026 15:25,SPOT,256265,25567.75,25571.7,25564.15,25568.65,0,0,19
20-02-2026 15:25,FUTURE,15150594,25584,25587.4,25575,25577.9,6690645,14798875,18
